"run_number","value","variable","BETA"
1,68.0127900480101,"NPP",0.629240949062309
2,69.9192620384638,"NPP",0.73839990772411
3,69.6429513290647,"NPP",0.720289979215713
4,68.5101938115469,"NPP",0.65772979338255
5,67.3141980827965,"NPP",0.596194217732068
6,68.2591465105802,"NPP",0.643194035919297
7,70.8959833592343,"NPP",0.808972470689893
8,66.6149829265738,"NPP",0.56008151333621
9,68.6355779043892,"NPP",0.665113634660368
10,69.4923339243439,"NPP",0.710625010655263
11,65.8639914124981,"NPP",0.523443703166092
12,67.3412147829798,"NPP",0.597631244718568
13,71.0702352883216,"NPP",0.888357891929044
14,67.3462362996819,"NPP",0.597898695569381
15,63.8849528787138,"NPP",0.417803640002401
16,70.8654791022185,"NPP",0.872312843402963
17,67.2102065099733,"NPP",0.590692706991211
18,70.2622418385967,"NPP",0.826611032835706
19,70.8730928120712,"NPP",0.807168694891633
20,68.1118052998679,"NPP",0.634812720638992
21,66.4990094121782,"NPP",0.554284191734439
22,67.1432462671192,"NPP",0.58717509398368
23,66.9523620352389,"NPP",0.577252096723007
24,68.4462692199176,"NPP",0.653997428713974
25,64.9147407561478,"NPP",0.467517357145662
26,68.7046401236911,"NPP",0.669216872129349
27,67.6525423887861,"NPP",0.614426913530035
28,69.5416342019093,"NPP",0.713772862739458
29,69.5548881106747,"NPP",0.714621724022087
30,66.8788995759296,"NPP",0.573473811002267
31,68.3328483722379,"NPP",0.647427640640169
32,69.2751980478496,"NPP",0.696938586200072
33,70.2890755010638,"NPP",0.828578327895781
34,70.661905694009,"NPP",0.85648660749892
35,67.3899511958014,"NPP",0.600231709964534
36,66.8850108266176,"NPP",0.573787272353784
37,71.0510884450326,"NPP",0.820784757003641
38,69.4557511878286,"NPP",0.708298942701718
39,70.1023714974172,"NPP",0.750682082519017
40,65.3627006213211,"NPP",0.51528109741215
41,69.0658417144797,"NPP",0.691109433069751
42,69.0023368563517,"NPP",0.68720668037108
43,69.3415686767732,"NPP",0.701091639236048
44,68.3890990220096,"NPP",0.650677564626579
45,70.5892262884063,"NPP",0.785801685895539
46,69.089655738175,"NPP",0.692578985613759
47,70.3121652651473,"NPP",0.765498218070672
48,66.4912735606059,"NPP",0.553899357557755
49,68.6580003696222,"NPP",0.666442993777449
50,69.7798792552078,"NPP",0.729202050927328
1,668.293129537471,"veg_c",0.629240949062309
2,686.218942328959,"veg_c",0.73839990772411
3,683.553871749911,"veg_c",0.720289979215713
4,673.005854632401,"veg_c",0.65772979338255
5,661.973425646205,"veg_c",0.596194217732068
6,670.623952609726,"veg_c",0.643194035919297
7,696.02151261209,"veg_c",0.808972470689893
8,655.434989449126,"veg_c",0.56008151333621
9,674.198074720627,"veg_c",0.665113634660368
10,682.105216556007,"veg_c",0.710625010655263
11,648.460637145201,"veg_c",0.523443703166092
12,662.226980542924,"veg_c",0.597631244718568
13,702.757247201371,"veg_c",0.888357891929044
14,662.274115809313,"veg_c",0.597898695569381
15,625.873933012942,"veg_c",0.417803640002401
16,700.806813220474,"veg_c",0.872312843402963
17,660.998105081395,"veg_c",0.590692706991211
18,695.031294625943,"veg_c",0.826611032835706
19,695.781993201525,"veg_c",0.807168694891633
20,669.229160091778,"veg_c",0.634812720638992
21,654.35479710779,"veg_c",0.554284191734439
22,660.370639607484,"veg_c",0.58717509398368
23,658.584225004897,"veg_c",0.577252096723007
24,672.398694574247,"veg_c",0.653997428713974
25,637.138584377845,"veg_c",0.467517357145662
26,674.855506350069,"veg_c",0.669216872129349
27,665.153956281485,"veg_c",0.614426913530035
28,682.579080019132,"veg_c",0.713772862739458
29,682.706525317072,"veg_c",0.714621724022087
30,657.897616236326,"veg_c",0.573473811002267
31,671.322515919049,"veg_c",0.647427640640169
32,680.021717688419,"veg_c",0.696938586200072
33,695.286832320416,"veg_c",0.828578327895781
34,698.844274823714,"veg_c",0.85648660749892
35,662.684555489254,"veg_c",0.600231709964534
36,657.954715495609,"veg_c",0.573787272353784
37,697.576366988287,"veg_c",0.820784757003641
38,681.753786209019,"veg_c",0.708298942701718
39,687.99053496805,"veg_c",0.750682082519017
40,645.116998162041,"veg_c",0.51528109741215
41,678.302807670967,"veg_c",0.691109433069751
42,677.695623469782,"veg_c",0.68720668037108
43,680.657956802243,"veg_c",0.701091639236048
44,671.856067678419,"veg_c",0.650677564626579
45,692.901822747778,"veg_c",0.785801685895539
46,678.530621136817,"veg_c",0.692578985613759
47,690.089987301827,"veg_c",0.765498218070672
48,654.282786457228,"veg_c",0.553899357557755
49,674.411464595385,"veg_c",0.666442993777449
50,684.873343941457,"veg_c",0.729202050927328
1,2195.00636772463,"soil_c",0.629240949062309
2,2248.96993770549,"soil_c",0.73839990772411
3,2240.88795478933,"soil_c",0.720289979215713
4,2209.18540742816,"soil_c",0.65772979338255
5,2176.2218418128,"soil_c",0.596194217732068
6,2202.01464469157,"soil_c",0.643194035919297
7,2278.81555950905,"soil_c",0.808972470689893
8,2156.66227064493,"soil_c",0.56008151333621
9,2212.77806091055,"soil_c",0.665113634660368
10,2236.50031282351,"soil_c",0.710625010655263
11,2135.86109517448,"soil_c",0.523443703166092
12,2176.98154920236,"soil_c",0.597631244718568
13,2304.02425313033,"soil_c",0.888357891929044
14,2177.12278724879,"soil_c",0.597898695569381
15,2067.35715737327,"soil_c",0.417803640002401
16,2298.03943175714,"soil_c",0.872312843402963
17,2173.3004165471,"soil_c",0.590692706991211
18,2280.36451815753,"soil_c",0.826611032835706
19,2278.08397128567,"soil_c",0.807168694891633
20,2197.81979085499,"soil_c",0.634812720638992
21,2153.43648489373,"soil_c",0.554284191734439
22,2171.42165105894,"soil_c",0.58717509398368
23,2166.07577084237,"soil_c",0.577252096723007
24,2207.35667193887,"soil_c",0.653997428713974
25,2100.9792224708,"soil_c",0.467517357145662
26,2214.76017935936,"soil_c",0.669216872129349
27,2185.75820650724,"soil_c",0.614426913530035
28,2237.93511628809,"soil_c",0.713772862739458
29,2238.32107537465,"soil_c",0.714621724022087
30,2164.02225784823,"soil_c",0.573473811002267
31,2204.11673884135,"soil_c",0.647427640640169
32,2230.1965050049,"soil_c",0.696938586200072
33,2281.14509674719,"soil_c",0.828578327895781
34,2292.02566894495,"soil_c",0.85648660749892
35,2178.35278118389,"soil_c",0.600231709964534
36,2164.19300592645,"soil_c",0.573787272353784
37,2283.56767363458,"soil_c",0.820784757003641
38,2235.43648484407,"soil_c",0.708298942701718
39,2254.34979828723,"soil_c",0.750682082519017
40,2127.43219729206,"soil_c",0.51528109741215
41,2225.16550134734,"soil_c",0.691109433069751
42,2223.33130765537,"soil_c",0.68720668037108
43,2232.12068210248,"soil_c",0.701091639236048
44,2205.72281143701,"soil_c",0.650677564626579
45,2269.29614067686,"soil_c",0.785801685895539
46,2225.85384946092,"soil_c",0.692578985613759
47,2260.73313676381,"soil_c",0.765498218070672
48,2153.22149363446,"soil_c",0.553899357557755
49,2213.42134039241,"soil_c",0.666442993777449
50,2244.88767528967,"soil_c",0.729202050927328
1,519.735908867754,"CO2_concentration",0.629240949062309
2,496.701942480992,"CO2_concentration",0.73839990772411
3,500.10879721146,"CO2_concentration",0.720289979215713
4,513.673608265218,"CO2_concentration",0.65772979338255
5,527.906399363762,"CO2_concentration",0.596194217732068
6,516.73615674286,"CO2_concentration",0.643194035919297
7,484.206172332093,"CO2_concentration",0.808972470689893
8,536.358064255585,"CO2_concentration",0.56008151333621
9,512.141827782543,"CO2_concentration",0.665113634660368
10,501.962339180221,"CO2_concentration",0.710625010655263
11,545.395878337265,"CO2_concentration",0.523443703166092
12,527.579076742385,"CO2_concentration",0.597631244718568
13,475.533665233407,"CO2_concentration",0.888357891929044
14,527.518231782248,"CO2_concentration",0.597898695569381
15,574.967137068935,"CO2_concentration",0.417803640002401
16,478.006662489231,"CO2_concentration",0.872312843402963
17,529.165774043082,"CO2_concentration",0.590692706991211
18,485.343555774184,"CO2_concentration",0.826611032835706
19,484.51082416239,"CO2_concentration",0.807168694891633
20,518.53090657949,"CO2_concentration",0.634812720638992
21,537.756338547487,"CO2_concentration",0.554284191734439
22,529.976232989612,"CO2_concentration",0.58717509398368
23,532.284704678226,"CO2_concentration",0.577252096723007
24,514.453984392094,"CO2_concentration",0.653997428713974
25,560.260257674404,"CO2_concentration",0.467517357145662
26,511.297476080662,"CO2_concentration",0.669216872129349
27,523.802891822653,"CO2_concentration",0.614426913530035
28,501.355906036457,"CO2_concentration",0.713772862739458
29,501.192827639872,"CO2_concentration",0.714621724022087
30,533.172384562499,"CO2_concentration",0.573473811002267
31,515.837663383697,"CO2_concentration",0.647427640640169
32,504.630207642494,"CO2_concentration",0.696938586200072
33,485.018498844705,"CO2_concentration",0.828578327895781
34,480.497432211856,"CO2_concentration",0.85648660749892
35,526.988459393745,"CO2_concentration",0.600231709964534
36,533.098555156856,"CO2_concentration",0.573787272353784
37,482.229347974917,"CO2_concentration",0.820784757003641
38,502.412167898763,"CO2_concentration",0.708298942701718
39,494.43948247905,"CO2_concentration",0.750682082519017
40,549.682516637049,"CO2_concentration",0.51528109741215
41,506.873853419043,"CO2_concentration",0.691109433069751
42,507.652532733209,"CO2_concentration",0.68720668037108
43,503.815264361089,"CO2_concentration",0.701091639236048
44,515.151581438655,"CO2_concentration",0.650677564626579
45,488.176872097453,"CO2_concentration",0.785801685895539
46,506.581747605019,"CO2_concentration",0.692578985613759
47,491.760657439722,"CO2_concentration",0.765498218070672
48,537.849573973999,"CO2_concentration",0.553899357557755
49,511.867741772078,"CO2_concentration",0.666442993777449
50,498.42156581286,"CO2_concentration",0.729202050927328
1,2.34313395625113,"gmst",0.629240949062309
2,2.20933476873141,"gmst",0.73839990772411
3,2.22949464274356,"gmst",0.720289979215713
4,2.3085037106698,"gmst",0.65772979338255
5,2.38912576554108,"gmst",0.596194217732068
6,2.32604801106185,"gmst",0.643194035919297
7,2.13364786658534,"gmst",0.808972470689893
8,2.43605441805086,"gmst",0.56008151333621
9,2.29969004389883,"gmst",0.665113634660368
10,2.24040549475575,"gmst",0.710625010655263
11,2.48545400147947,"gmst",0.523443703166092
12,2.38729364998104,"gmst",0.597631244718568
13,2.07278395375521,"gmst",0.888357891929044
14,2.38695296201187,"gmst",0.597898695569381
15,2.64562329337793,"gmst",0.417803640002401
16,2.08811018352967,"gmst",0.872312843402963
17,2.39616455694878,"gmst",0.590692706991211
18,2.13311444919472,"gmst",0.826611032835706
19,2.13553835297181,"gmst",0.807168694891633
20,2.33628215766896,"gmst",0.634812720638992
21,2.44374941002213,"gmst",0.554284191734439
22,2.40068570720038,"gmst",0.58717509398368
23,2.41352685608302,"gmst",0.577252096723007
24,2.31298395854829,"gmst",0.653997428713974
25,2.56784402662076,"gmst",0.467517357145662
26,2.29482064691361,"gmst",0.669216872129349
27,2.36607690464088,"gmst",0.614426913530035
28,2.23684014991481,"gmst",0.713772862739458
29,2.23588064693345,"gmst",0.714621724022087
30,2.41845031583723,"gmst",0.573473811002267
31,2.32091145685748,"gmst",0.647427640640169
32,2.25603979876705,"gmst",0.696938586200072
33,2.13113506899217,"gmst",0.828578327895781
34,2.10346590974036,"gmst",0.85648660749892
35,2.38398500168574,"gmst",0.600231709964534
36,2.41804112857584,"gmst",0.573787272353784
37,2.12135386380651,"gmst",0.820784757003641
38,2.24304736545307,"gmst",0.708298942701718
39,2.19587035646074,"gmst",0.750682082519017
40,2.50657880769318,"gmst",0.51528109741215
41,2.2691791097866,"gmst",0.691109433069751
42,2.27370872235842,"gmst",0.68720668037108
43,2.25127276768217,"gmst",0.701091639236048
44,2.31698330919815,"gmst",0.650677564626579
45,2.15820125039595,"gmst",0.785801685895539
46,2.26747814066893,"gmst",0.692578985613759
47,2.17984806906113,"gmst",0.765498218070672
48,2.44426181672854,"gmst",0.553899357557755
49,2.29811025089596,"gmst",0.666442993777449
50,2.21952772189282,"gmst",0.729202050927328
